culture_group,source,id,title,date,culture_label,url,companion_score,motifs,image_url
Ancient Egypt / Coptic,Walters Art Museum,21030,Striding Male Figure,,,https://art.thewalters.org/detail/21030,2,mesh; axis; node,https://art.thewalters.org/images/art/PL7_22.30_3Qtr_BW.jpg
Ancient Egypt / Coptic,Walters Art Museum,33391,Infant Dionysus,,,https://art.thewalters.org/detail/33391,2,mesh; node; water,https://art.thewalters.org/images/art/PS1_54.1141_Fnt_DD_AT18-034462-tms.jpg
Ancient Egypt / Coptic,Walters Art Museum,3396,Juvenile God with a Sun Disk,,,https://art.thewalters.org/detail/3396,2,mesh; serpent; node,https://art.thewalters.org/images/art/CUR_54.1979_Fnt_DD_RS2009.jpg
Mesopotamia / Ancient Near East / Iran,Cleveland Museum of Art,1944.239,"Fragment with falconer and attendant in animated lattice, from a robe",mid-1500s,,https://clevelandart.org/art/1944.239,2,mesh; serpent; enclosure,https://piction.clevelandart.org/cma/ump.di?e=1F2805F10337A484914F22687D54E64B6A79CC0D78DC73FD30ECE3F2C47CE6D6&s=24247294&se=399313166&v=3&f=1944.239_w.jpg
Mesopotamia / Ancient Near East / Iran,Cleveland Museum of Art,1941.292,Fragment with star pattern and griffins,950–1050,Iraq or Iran Buyid period,https://clevelandart.org/art/1941.292,2,mesh; four_eight; node,https://piction.clevelandart.org/cma/ump.di?e=F6E6690A5982D5EFC2F19A9D5D79A7C47DB134AD052195AA1B9986533387B82E&s=24247294&se=399313166&v=4&f=1941.292_w.jpg
Greek / Roman / Etruscan,Walters Art Museum,79192,Assemblage from a Warrior's Burial,,,https://art.thewalters.org/detail/79192,2,mesh; enclosure; node,https://art.thewalters.org/images/art/PL1_57.1944-1947_Gp_TR_C79IA.jpg
Greek / Roman / Etruscan,Cleveland Museum of Art,1925.161,"Portrait Head of a Woman, Probably the Empress Faustina Minor",c. 165 CE,,https://clevelandart.org/art/1925.161,2,mesh; node; water,https://piction.clevelandart.org/cma/ump.di?e=4C8BEB524931B862B3A355D6C5304ED0E8D136420BD5BEB21A0F52A88AAB7AA2&s=24247294&se=116628280&v=4&f=1925.161_w.jpg
Greek / Roman / Etruscan,Walters Art Museum,9340,Diadem,,,https://art.thewalters.org/detail/9340,2,mesh; serpent; node,https://art.thewalters.org/images/art/PS4_57.1541_DD_AT19_3584-tms.jpg
Byzantine / Eastern Christian,Cleveland Museum of Art,1950.2,Fragment,900s–1000s,,https://clevelandart.org/art/1950.2,2,mesh; enclosure; node,https://piction.clevelandart.org/cma/ump.di?e=606D8B634EF987B8DD102E29E933C4D6F09487968D7F8BEFB75CE6F47D03C0B8&s=24247294&se=399313166&v=1&f=1950.2det02_w.jpg
Islamic world,Walters Art Museum,29902,Calyx on High Foot,,,https://art.thewalters.org/detail/29902,2,mesh; enclosure; node,https://art.thewalters.org/images/art/PL2_54.529_Fnt_BW.jpg
South Asia / Himalaya,Cleveland Museum of Art,1952.587,Shiva and Devi on Gajasura's hide,c. 1675–80,,https://clevelandart.org/art/1952.587,2,mesh; serpent; node,https://piction.clevelandart.org/cma/ump.di?e=980F44D1DEFB8B0AB23E88D0708F97C9720ABBB6A38CA4CD92C1F41FB9E7DE26&s=24247294&se=116628280&v=0&f=1952.587_w.jpg
South Asia / Himalaya,Cleveland Museum of Art,1960.48,Shiva under trees,c. 1780,,https://clevelandart.org/art/1960.48,2,mesh; serpent; node,https://piction.clevelandart.org/cma/ump.di?e=820CA312157FA638FDAE549DEA1BC7B7A07DA4B39AE0C6B1263EFE186A4BB558&s=24247294&se=116628280&v=2&f=1960.48_w.jpg
China,Cleveland Museum of Art,1975.62,Hu (Jar),481–221 BCE,"China Eastern Zhou dynasty Warring States period",https://clevelandart.org/art/1975.62,3,mesh; axis; serpent; enclosure,https://piction.clevelandart.org/cma/ump.di?e=5AC335A2FB1534BC340F6A7FF439B925FA70613D923E7D35C99C8C6290290077&s=24247294&se=399313166&v=1&f=1975.62_w.jpg
China,Cleveland Museum of Art,1982.260.b,Section of a Coffin Platform: Horizontal Panel,550–77,,https://clevelandart.org/art/1982.260.b,2,mesh; serpent; water,https://piction.clevelandart.org/cma/ump.di?e=686A1F5CC5A65945185250AD0E7D11069B0175F7F697856B5FAF9319F6AA2BEB&s=24247294&se=116628280&v=0&f=1982.260.b_w.jpg
China,Cleveland Museum of Art,1982.260.e,Section of a Coffin Platform: Dragon,550–77,,https://clevelandart.org/art/1982.260.e,2,mesh; serpent; water,https://piction.clevelandart.org/cma/ump.di?e=686A1F5CC5A659459429F5262964FD50F098E0E5B1CB5FBDCD2D2D9E20C071B2&s=24247294&se=116628280&v=0&f=1982.260.e_w.jpg
Mesoamerica,Walters Art Museum,21427,Knotted Rattlesnake,1100–1520,Aztec,https://art.thewalters.org/detail/21427,2,mesh; serpent; node,https://art.thewalters.org/images/art/PS1_29.2_VwA_DD_T09.jpg
Andes,Cleveland Museum of Art,1940.510,Headdress Ornament,c. 300 BCE–200 CE,,https://clevelandart.org/art/1940.510,2,mesh; enclosure; node,https://piction.clevelandart.org/cma/ump.di?e=C7D338C913CF26FD143FA9BD7D6919F2F754CCCC945FFE1018CBEF76727590D6&s=24247294&se=399313166&v=0&f=1940.510_w.jpg
Andes,Cleveland Museum of Art,1940.511,Headdress Ornament,c. 300 BCE–200 CE,,https://clevelandart.org/art/1940.511,2,mesh; enclosure; node,https://piction.clevelandart.org/cma/ump.di?e=C7D338C913CF26FDE6F0B26AD5AEE6EBD2141CE95AFFDD825639D7108CAABACE&s=24247294&se=399313166&v=0&f=1940.511_w.jpg
Andes,The Met,313400,Nose Ornament with Intertwined Serpents,500–800 CE,Moche,http://www.metmuseum.org/art/collection/search/313400,2,mesh; serpent; node,https://collectionapi.metmuseum.org/api/collection/v1/iiif/313400/2347320/main-image
Sub-Saharan Africa,Walters Art Museum,4545,Processional Cross,,,https://art.thewalters.org/detail/4545,3,mesh; axis; serpent; enclosure,https://art.thewalters.org/images/art/PS4_54.2894_SideA_DD_AT21_25601-tms.jpg
Sub-Saharan Africa,Cleveland Museum of Art,1953.425,Plaque,1500s–1600s,,https://clevelandart.org/art/1953.425,2,mesh; axis; water,https://piction.clevelandart.org/cma/ump.di?e=609D44E22D61BCDE7F24F05CA4823EE0FDAF0853B5C8BB3A37D393C361AE3DA9&s=24247294&se=399313166&v=1&f=1953.425_w.jpg
Medieval / early modern Europe,Cleveland Museum of Art,1924.432.42,"Mercury (from the Tarocchi, series A: Firmaments of the Universe, #42)",before 1467,,https://clevelandart.org/art/1924.432.42,3,mesh; axis; serpent; node,https://piction.clevelandart.org/cma/ump.di?e=CD1654BF69B522A471726CBB764D15D2224A22E0AD44842FE581D88295C5D0AD&s=24247294&se=399313166&v=3&f=1924.432.42_w.jpg
Medieval / early modern Europe,Cleveland Museum of Art,1915.565.1,Door (left),early 1400s,,https://clevelandart.org/art/1915.565.1,2,mesh; four_eight; node,https://piction.clevelandart.org/cma/ump.di?e=B766A6BAD191D8F76DDAABEFC9612F64F3076978A40412BA82293016078EE4B5&s=24247294&se=116628280&v=2&f=1915.565.1_w.jpg
