canonical,iso,name,family,macroarea,file,script,dialect,kind,filtered,declared_entries,full_words,full_transitions,full_active_gates,full_gate_density,sample_words,sample_transitions,sample_active_gates,sample_stable_gates,sample_gate_density,sample_stable_gate_density,mapping_coverage,entropy_bits
True,abk,Abkhazian,Abkhaz-Adyge,Eurasia,abk_cyrl_broad.tsv,Cyrillic,,Broad,False,206,206,256,69,0.26953125,206,256,69,29,0.26953125,0.11328125,0.8683127572016461,5.457091202392286
True,ace,Achinese,Austronesian,Eurasia,ace_latn_broad.tsv,Latin,,Broad,False,272,272,980,72,0.28125,272,980,72,59,0.28125,0.23046875,0.9929022082018928,5.64992881339972
True,ady,Adyghe,Abkhaz-Adyge,Eurasia,ady_cyrl_narrow_filtered.tsv,Cyrillic,,Narrow,True,4878,4878,21980,124,0.484375,4878,21980,124,101,0.484375,0.39453125,0.9460212787654237,5.356160093765581
True,aar,Afar,Afro-Asiatic,Africa,aar_latn_broad.tsv,Latin,,Broad,False,1728,1728,7975,134,0.5234375,1728,7975,134,114,0.5234375,0.4453125,0.9997939418916134,5.929493622070524
True,afr,Afrikaans,Indo-European,Africa,afr_latn_broad_filtered.tsv,Latin,,Broad,True,2127,2127,10384,158,0.6171875,2127,10384,158,134,0.6171875,0.5234375,0.9999200831135618,5.99934597799895
True,akk,Akkadian,Unclassified,,akk_latn_broad.tsv,Latin,,Broad,False,672,672,3367,95,0.37109375,672,3367,95,76,0.37109375,0.296875,1.0,5.286864798892932
True,sia,Akkala Sami,Unclassified,,sia_cyrl_broad.tsv,Cyrillic,,Broad,False,181,181,585,114,0.4453125,181,585,114,61,0.4453125,0.23828125,0.9476248477466505,6.080552983454869
True,sqi,Albanian,Unclassified,,sqi_latn_broad.tsv,Latin,,Broad,False,5376,5376,24318,145,0.56640625,5376,24318,145,118,0.56640625,0.4609375,0.9258063524275129,5.810226942907006
True,ale,Aleut,Eskimo-Aleut,North America,ale_latn_broad.tsv,Latin,,Broad,False,121,121,456,71,0.27734375,121,456,71,42,0.27734375,0.1640625,0.998272884283247,5.419584813306686
True,amh,Amharic,Afro-Asiatic,Africa,amh_ethi_broad.tsv,Ethiopic,,Broad,False,478,478,1930,98,0.3828125,478,1930,98,70,0.3828125,0.2734375,0.9717806041335453,5.552654622236218
True,grc,Ancient Greek (to 1453),Unclassified,,grc_grek_broad.tsv,Greek,,Broad,False,198102,198102,1216484,121,0.47265625,20000,122482,118,113,0.4609375,0.44140625,0.9623585514100885,5.692750516123935
True,ara,Arabic,Unclassified,,ara_arab_broad.tsv,Arabic,,Broad,False,17563,17563,91438,200,0.78125,17563,91438,200,179,0.78125,0.69921875,0.982950638123052,6.0063382884994585
True,arg,Aragonese,Indo-European,Eurasia,arg_latn_broad.tsv,Latin,,Broad,False,1320,1320,7008,90,0.3515625,1320,7008,90,81,0.3515625,0.31640625,0.9865945437441204,5.5258825949931945
True,hye,Armenian,Indo-European,Eurasia,hye_armn_e_broad.tsv,Armenian,Eastern Armenian,Broad,False,18090,18090,104989,166,0.6484375,18090,104989,166,160,0.6484375,0.625,0.9581426363167945,5.895810980171202
True,frp,Arpitan,Unclassified,,frp_latn_narrow.tsv,Latin,,Narrow,False,236,236,735,84,0.328125,236,735,84,54,0.328125,0.2109375,0.9132040627885504,5.632942081495508
True,asm,Assamese,Indo-European,Eurasia,asm_beng_broad.tsv,Bengali,,Broad,False,3223,3223,12121,140,0.546875,3223,12121,140,112,0.546875,0.4375,0.984760937202362,5.750478349645799
True,aii,Assyrian Neo-Aramaic,Unclassified,,aii_syrc_narrow.tsv,Syriac,,Narrow,False,7851,7851,39776,204,0.796875,7851,39776,204,188,0.796875,0.734375,0.9879045574636723,6.478626004598287
True,ast,Asturian,Indo-European,Eurasia,ast_latn_broad.tsv,Latin,,Broad,False,4192,4192,25232,101,0.39453125,4192,25232,101,94,0.39453125,0.3671875,0.9955155438667476,5.672776458028369
True,aot,Atong (India),Unclassified,,aot_latn_broad.tsv,Latin,,Broad,False,181,181,600,69,0.26953125,181,600,69,44,0.26953125,0.171875,0.9469339622641509,5.437491418427657
True,aze,Azerbaijani,Unclassified,,aze_latn_broad.tsv,Latin,,Broad,False,513,513,2274,139,0.54296875,513,2274,139,101,0.54296875,0.39453125,0.9828850855745721,6.2378449676100995
True,bdq,Bahnar,Unclassified,,bdq_latn_broad.tsv,Latin,,Broad,False,198,198,562,69,0.26953125,198,562,69,53,0.26953125,0.20703125,1.0,5.611037639252197
True,ban,Balinese,Austronesian,Papunesia,ban_latn_broad.tsv,Latin,,Broad,False,300,300,1034,71,0.27734375,300,1034,71,56,0.27734375,0.21875,0.973342939481268,5.403143841073157
True,bjb,Banggarla,Pama-Nyungan,Australia,bjb_latn_broad.tsv,Latin,,Broad,False,136,136,593,47,0.18359375,136,593,47,39,0.18359375,0.15234375,0.984,5.021869810146367
True,bak,Bashkir,Turkic,Eurasia,bak_cyrl_broad.tsv,Cyrillic,,Broad,False,208,208,373,87,0.33984375,208,373,87,47,0.33984375,0.18359375,0.9651162790697675,5.906666194759736
True,eus,Basque,Unclassified,Eurasia,eus_latn_broad.tsv,Latin,,Broad,False,20115,20115,153172,110,0.4296875,20000,152303,110,98,0.4296875,0.3828125,0.9801857965622608,5.20537455945846
True,bbl,Bats,Nakh-Daghestanian,Eurasia,bbl_geor_broad.tsv,Georgian,,Broad,False,421,421,1121,118,0.4609375,421,1121,118,83,0.4609375,0.32421875,0.8858603066439523,6.069719439997781
True,bar,Bavarian,Unclassified,,bar_latn_broad.tsv,Latin,,Broad,False,1780,1780,5757,148,0.578125,1780,5757,148,119,0.578125,0.46484375,0.91777466759972,6.327352145036753
True,bel,Belarusian,Unclassified,,bel_cyrl_narrow.tsv,Cyrillic,,Narrow,False,7259,7259,37501,129,0.50390625,7259,37501,129,121,0.50390625,0.47265625,0.9403314246403497,5.930066335835404
True,ben,Bengali,Indo-European,Eurasia,ben_beng_rarh_broad_filtered.tsv,Bengali,"Rarh, Standard Bengali",Broad,True,6880,6880,31047,127,0.49609375,6880,31047,127,117,0.49609375,0.45703125,0.9630340495538162,5.695369253161728
True,pcc,Bouyei,Tai-Kadai,Eurasia,pcc_latn_broad.tsv,Latin,,Broad,False,153,153,286,44,0.171875,153,286,44,33,0.171875,0.12890625,0.6817518248175183,5.0693560625391525
True,bre,Breton,Indo-European,Eurasia,bre_latn_broad.tsv,Latin,,Broad,False,874,874,3497,138,0.5390625,874,3497,138,115,0.5390625,0.44921875,0.9573791348600509,5.9471976937607804
True,kxd,Brunei,Austronesian,Papunesia,kxd_latn_broad.tsv,Latin,,Broad,False,365,365,1464,81,0.31640625,365,1464,81,57,0.31640625,0.22265625,0.9772967265047519,5.497666308501837
True,bul,Bulgarian,Indo-European,Eurasia,bul_cyrl_narrow.tsv,Cyrillic,,Narrow,False,47572,47572,342473,128,0.5,20000,144110,124,120,0.484375,0.46875,0.9781670623180101,5.735419025197083
True,bua,Buriat,Unclassified,,bua_cyrl_broad.tsv,Cyrillic,,Broad,False,140,140,498,77,0.30078125,140,498,77,50,0.30078125,0.1953125,0.9381153305203939,5.594167199063912
True,mya,Burmese,Sino-Tibetan,Eurasia,mya_mymr_broad_filtered.tsv,Myanmar,,Broad,True,8265,8265,21842,111,0.43359375,8265,21842,111,94,0.43359375,0.3671875,0.7344952380952381,5.739731447330301
True,crx,Carrier,Unclassified,,crx_cans_broad.tsv,Canadian Aboriginal,,Broad,False,175,175,112,28,0.109375,175,112,28,17,0.109375,0.06640625,0.841642228739003,4.516216305561209
True,cat,Catalan,Indo-European,Eurasia,cat_latn_broad.tsv,Latin,,Broad,False,176,176,555,71,0.27734375,176,555,71,51,0.27734375,0.19921875,0.9986338797814208,5.501015057841358
True,ceb,Cebuano,Austronesian,Papunesia,ceb_latn_broad.tsv,Latin,,Broad,False,4100,4100,22855,132,0.515625,4100,22855,132,116,0.515625,0.453125,0.9974150664697193,5.872427480323049
True,tzm,Central Atlas Tamazight,Afro-Asiatic,Africa,tzm_tfng_broad.tsv,Tifinagh,,Broad,False,690,690,2218,126,0.4921875,690,2218,126,107,0.4921875,0.41796875,1.0,6.326585900450265
True,bcl,Central Bikol,Austronesian,Papunesia,bcl_latn_broad.tsv,Latin,,Broad,False,5432,5432,30222,128,0.5,5432,30222,128,122,0.5,0.4765625,0.9987685418415897,5.849541900081254
True,ckb,Central Kurdish,Indo-European,Eurasia,ckb_arab_broad.tsv,Arabic,,Broad,False,981,981,3789,139,0.54296875,981,3789,139,96,0.54296875,0.375,0.9825748257482575,5.68271667725424
True,nhn,Central Nahuatl,Unclassified,,nhn_latn_broad.tsv,Latin,,Broad,False,189,189,995,72,0.28125,189,995,72,55,0.28125,0.21484375,0.9585326953748007,5.39296476611695
True,che,Chechen,Nakh-Daghestanian,Eurasia,che_cyrl_broad.tsv,Cyrillic,,Broad,False,480,480,1392,96,0.375,480,1392,96,66,0.375,0.2578125,0.9473422752111277,5.707082711820319
True,chr,Cherokee,Iroquoian,North America,chr_cher_broad.tsv,Cherokee,,Broad,False,183,183,277,68,0.265625,183,277,68,35,0.265625,0.13671875,0.6983372921615202,5.53653705699463
True,chb,Chibcha,Chibchan,South America,chb_latn_broad.tsv,Latin,,Broad,False,121,121,557,80,0.3125,121,557,80,58,0.3125,0.2265625,1.0,5.8512863820071725
True,cic,Chickasaw,Muskogean,North America,cic_latn_broad.tsv,Latin,,Broad,False,394,394,2035,108,0.421875,394,2035,108,88,0.421875,0.34375,0.9207142857142857,6.083217748364577
True,cho,Choctaw,Muskogean,North America,cho_latn_broad.tsv,Latin,,Broad,False,235,235,641,78,0.3046875,235,641,78,56,0.3046875,0.21875,0.799844840961986,5.760272667526695
True,nci,Classical Nahuatl,Unclassified,,nci_latn_broad.tsv,Latin,,Broad,False,886,886,5495,115,0.44921875,886,5495,115,86,0.44921875,0.3359375,0.9483506944444444,5.699339968825064
True,syc,Classical Syriac,Unclassified,,syc_syrc_broad.tsv,Syriac,,Broad,False,133,133,731,116,0.453125,133,731,116,77,0.453125,0.30078125,0.9931506849315068,6.238874879945521
True,cop,Coptic,Unclassified,,cop_copt_broad.tsv,Coptic,,Broad,False,881,881,3173,155,0.60546875,881,3173,155,118,0.60546875,0.4609375,0.970491029272899,6.318493378414921
True,cor,Cornish,Unclassified,,cor_latn_broad.tsv,Latin,,Broad,False,648,648,2726,114,0.4453125,648,2726,114,92,0.4453125,0.359375,0.9961697112551562,5.693071310834296
True,cos,Corsican,Unclassified,,cos_latn_broad.tsv,Latin,,Broad,False,492,492,2151,88,0.34375,492,2151,88,75,0.34375,0.29296875,0.9520358868184955,5.630857355573226
True,ces,Czech,Indo-European,Eurasia,ces_latn_narrow.tsv,Latin,,Narrow,False,65070,65070,370220,167,0.65234375,20000,113474,162,154,0.6328125,0.6015625,0.9639110836504571,6.009560673843446
True,dlm,Dalmatian,Unclassified,,dlm_latn_broad.tsv,Latin,,Broad,False,180,180,744,79,0.30859375,180,744,79,57,0.30859375,0.22265625,0.9432270916334662,5.566303982496594
True,dan,Danish,Indo-European,Eurasia,dan_latn_broad.tsv,Latin,,Broad,False,4773,4773,22383,177,0.69140625,4773,22383,177,160,0.69140625,0.625,0.9774606090581502,5.908696848884195
True,div,Dhivehi,Indo-European,Eurasia,div_thaa_broad.tsv,Thaana,,Broad,False,1551,1551,6807,118,0.4609375,1551,6807,118,98,0.4609375,0.3828125,0.9838202770341055,5.568849957752563
True,sce,Dongxiang,Mongolic-Khitan,Eurasia,sce_latn_broad.tsv,Latin,,Broad,False,169,169,577,73,0.28515625,169,577,73,50,0.28515625,0.1953125,0.9231678486997635,5.55088330187205
True,dng,Dungan,Unclassified,,dng_cyrl_broad.tsv,Cyrillic,,Broad,False,297,297,753,43,0.16796875,297,753,43,38,0.16796875,0.1484375,0.5160142348754448,4.907989062591417
True,nld,Dutch,Indo-European,Eurasia,nld_latn_broad_filtered.tsv,Latin,,Broad,True,58535,58535,419805,184,0.71875,20000,143119,183,180,0.71484375,0.703125,0.9933813297840159,6.028321694147364
True,dzo,Dzongkha,Sino-Tibetan,Eurasia,dzo_tibt_broad.tsv,Tibetan,,Broad,False,243,243,374,44,0.171875,243,374,44,34,0.171875,0.1328125,0.6356453028972783,5.067148820833667
True,lwl,Eastern Lawa,Unclassified,,lwl_thai_broad.tsv,Thai,,Broad,False,253,253,484,70,0.2734375,253,484,70,48,0.2734375,0.1875,0.8820861678004536,5.568622039085871
True,egy,Egyptian (Ancient),Unclassified,,egy_latn_broad.tsv,Latin,,Broad,False,4177,4177,14851,186,0.7265625,4177,14851,186,170,0.7265625,0.6640625,0.9737053795877325,6.21617678565061
True,arz,Egyptian Arabic,Afro-Asiatic,Africa,arz_arab_broad.tsv,Arabic,,Broad,False,800,800,3236,162,0.6328125,800,3236,162,119,0.6328125,0.46484375,0.9975326918332099,6.217485964090055
True,eng,English,Indo-European,Eurasia,eng_latn_us_broad_filtered.tsv,Latin,"US, General American",Broad,True,105324,105324,629504,179,0.69921875,20000,119949,167,157,0.65234375,0.61328125,0.9849523968831458,5.871245983250307
True,epo,Esperanto,Unclassified,,epo_latn_broad.tsv,Latin,,Broad,False,41287,41287,269670,145,0.56640625,20000,131056,141,134,0.55078125,0.5234375,0.9790482139670075,5.7254354355789685
True,est,Estonian,Unclassified,,est_latn_broad.tsv,Latin,,Broad,False,2903,2903,16320,147,0.57421875,2903,16320,147,131,0.57421875,0.51171875,0.9925861092519178,6.074443577696667
True,ett,Etruscan,Unclassified,,ett_ital_broad.tsv,Old Italic,,Broad,False,208,208,832,98,0.3828125,208,832,98,65,0.3828125,0.25390625,0.9850187265917603,5.758623625708935
True,evn,Evenki,Tungusic,Eurasia,evn_cyrl_broad.tsv,Cyrillic,,Broad,False,153,153,608,68,0.265625,153,608,68,43,0.265625,0.16796875,0.9687108886107635,5.143225141134649
True,ewe,Ewe,Atlantic-Congo,Africa,ewe_latn_broad.tsv,Latin,,Broad,False,250,250,42,13,0.05078125,250,42,13,4,0.05078125,0.015625,0.39968404423380727,2.9602979857991905
True,fax,Fala,Unclassified,,fax_latn_broad.tsv,Latin,,Broad,False,655,655,3251,90,0.3515625,655,3251,90,79,0.3515625,0.30859375,0.9884827240861291,5.655973353281465
True,gur,Farefare,Atlantic-Congo,Africa,gur_latn_broad.tsv,Latin,,Broad,False,111,111,234,71,0.27734375,111,234,71,31,0.27734375,0.12109375,0.7203252032520325,5.7136948309049576
True,fao,Faroese,Indo-European,Eurasia,fao_latn_broad.tsv,Latin,,Broad,False,3024,3024,15517,136,0.53125,3024,15517,136,119,0.53125,0.46484375,0.9645731059264133,5.960279683766608
True,fpe,Fernando Po Creole English,Indo-European,Africa,fpe_latn_broad.tsv,Latin,,Broad,False,261,261,132,28,0.109375,261,132,28,14,0.109375,0.0546875,0.6264949402023919,4.067042475214581
True,fin,Finnish,Uralic,Eurasia,fin_latn_broad.tsv,Latin,,Broad,False,173449,173449,1565425,168,0.65625,20000,180651,152,137,0.59375,0.53515625,0.9802848233454114,5.9600970472967445
True,fra,French,Indo-European,Eurasia,fra_latn_broad_filtered.tsv,Latin,,Broad,True,97301,97301,566429,167,0.65234375,20000,116218,163,158,0.63671875,0.6171875,0.9996111689874253,6.212697011500904
True,car,Galibi Carib,Cariban,South America,car_latn_narrow.tsv,Latin,,Narrow,False,447,447,1798,98,0.3828125,447,1798,98,77,0.3828125,0.30078125,0.9353312302839116,5.981232480557366
True,glg,Galician,Indo-European,Eurasia,glg_latn_broad.tsv,Latin,,Broad,False,10237,10237,59341,130,0.5078125,10237,59341,130,117,0.5078125,0.45703125,0.981451556242535,5.868333390635597
True,kld,Gamilaraay,Pama-Nyungan,Australia,kld_latn_broad.tsv,Latin,,Broad,False,516,516,2429,66,0.2578125,516,2429,66,53,0.2578125,0.20703125,0.9972982100641675,5.067176138655289
True,gan,Gan Chinese,Unclassified,,gan_hani_nanchang_broad.tsv,Han,Nanchang,Broad,False,3623,3623,8811,45,0.17578125,3623,8811,45,43,0.17578125,0.16796875,0.49737097692488025,4.882918047674086
True,gwc,Gawri,Unclassified,,gwc_arab_broad.tsv,Arabic,,Broad,False,208,208,31,11,0.04296875,208,31,11,2,0.04296875,0.0078125,0.512396694214876,2.7186166681673116
True,kat,Georgian,Kartvelian,Eurasia,kat_geor_narrow.tsv,Georgian,,Narrow,False,20894,20894,98274,122,0.4765625,20000,94104,122,109,0.4765625,0.42578125,0.8167861048490069,5.357681303788598
True,deu,German,Indo-European,Eurasia,deu_latn_broad_filtered.tsv,Latin,,Broad,True,57662,57662,413683,188,0.734375,20000,143501,186,172,0.7265625,0.671875,0.9723819612590799,6.30734769223554
True,niv,Gilyak,Nivkh,Eurasia,niv_cyrl_broad.tsv,Cyrillic,,Broad,False,627,627,1807,123,0.48046875,627,1807,123,104,0.48046875,0.40625,0.9939123376623377,6.250921369685548
True,got,Gothic,Unclassified,,got_goth_broad.tsv,Gothic,,Broad,False,1837,1837,12025,134,0.5234375,1837,12025,134,122,0.5234375,0.4765625,1.0,5.948540999919953
True,guj,Gujarati,Indo-European,Eurasia,guj_gujr_broad.tsv,Gujarati,,Broad,False,4244,4244,16939,121,0.47265625,4244,16939,121,105,0.47265625,0.41015625,0.9369126348764358,5.669918111721477
True,afb,Gulf Arabic,Unclassified,,afb_arab_broad.tsv,Arabic,,Broad,False,763,763,2949,153,0.59765625,763,2949,153,115,0.59765625,0.44921875,0.9755016940317957,5.815180484661748
True,guw,Gun,Unclassified,,guw_latn_broad.tsv,Latin,,Broad,False,681,681,79,20,0.078125,681,79,20,10,0.078125,0.0390625,0.39766666666666667,3.7167221232939176
True,hts,Hadza,Unclassified,Africa,hts_latn_broad.tsv,Latin,,Broad,False,335,335,1278,68,0.265625,335,1278,68,58,0.265625,0.2265625,0.9327091866588648,5.564092304953085
True,hat,Haitian,Unclassified,,hat_latn_broad.tsv,Latin,,Broad,False,1695,1695,6147,105,0.41015625,1695,6147,105,92,0.41015625,0.359375,0.9570734021107553,5.897799294323491
True,hak,Hakka Chinese,Sino-Tibetan,Eurasia,hak_hani_meixian_broad.tsv,Han,Meixian,Broad,False,6673,6673,16983,43,0.16796875,6673,16983,43,43,0.16796875,0.16796875,0.489171625027864,5.135635965820047
True,hau,Hausa,Afro-Asiatic,Africa,hau_latn_broad.tsv,Latin,,Broad,False,2176,2176,1013,60,0.234375,2176,1013,60,40,0.234375,0.15625,0.5488338192419825,4.475200021616693
True,haw,Hawaiian,Austronesian,Papunesia,haw_latn_broad.tsv,Latin,,Broad,False,2152,2152,11089,49,0.19140625,2152,11089,49,45,0.19140625,0.17578125,1.0,5.159268168072451
True,heb,Hebrew,Afro-Asiatic,Eurasia,heb_hebr_broad.tsv,Hebrew,,Broad,False,6811,6811,29104,198,0.7734375,6811,29104,198,187,0.7734375,0.73046875,0.9852057327785483,6.38665568020948
True,acw,Hijazi Arabic,Unclassified,,acw_arab_broad.tsv,Arabic,,Broad,False,2640,2640,11548,162,0.6328125,2640,11548,162,133,0.6328125,0.51953125,0.9847491546477124,5.951869375106565
True,hil,Hiligaynon,Austronesian,Papunesia,hil_latn_broad.tsv,Latin,,Broad,False,473,473,2528,100,0.390625,473,2528,100,78,0.390625,0.3046875,1.0,5.769522884781837
True,hin,Hindi,Indo-European,Eurasia,hin_deva_broad_filtered.tsv,Devanagari,,Broad,True,32081,32081,156149,156,0.609375,20000,97254,156,147,0.609375,0.57421875,0.9459547361991417,5.744328011823339
True,mww,Hmong Daw,Unclassified,,mww_latn_broad.tsv,Latin,,Broad,False,492,492,550,38,0.1484375,492,550,38,33,0.1484375,0.12890625,0.603023516237402,4.673739025585859
True,hun,Hungarian,Uralic,Eurasia,hun_latn_narrow_filtered.tsv,Latin,,Narrow,True,64689,64689,436472,174,0.6796875,20000,134500,166,161,0.6484375,0.62890625,0.9861410552271362,6.0059623347459175
True,hrx,Hunsrik,Unclassified,,hrx_latn_broad.tsv,Latin,,Broad,False,2108,2108,8013,125,0.48828125,2108,8013,125,104,0.48828125,0.40625,0.9805881222371708,5.820636996364586
True,iba,Iban,Austronesian,Papunesia,iba_latn_broad.tsv,Latin,,Broad,False,584,584,2400,82,0.3203125,584,2400,82,63,0.3203125,0.24609375,0.96945593382119,5.602484067605995
True,isl,Icelandic,Indo-European,Eurasia,isl_latn_broad_filtered.tsv,Latin,,Broad,True,10547,10547,64341,149,0.58203125,10547,64341,149,143,0.58203125,0.55859375,1.0,5.950989544520539
True,ido,Ido,Unclassified,,ido_latn_broad.tsv,Latin,,Broad,False,7874,7874,48976,109,0.42578125,7874,48976,109,104,0.42578125,0.40625,0.9804304287314572,5.580073834980216
True,ilo,Iloko,Austronesian,Papunesia,ilo_latn_broad.tsv,Latin,,Broad,False,1049,1049,5419,113,0.44140625,1049,5419,113,94,0.44140625,0.3671875,0.9975377039088951,5.817329239135325
True,ind,Indonesian,Austronesian,Papunesia,ind_latn_broad.tsv,Latin,,Broad,False,18590,18590,107667,181,0.70703125,18590,107667,181,154,0.70703125,0.6015625,0.9816135776657238,5.809013991567195
True,izh,Ingrian,Unclassified,,izh_latn_broad.tsv,Latin,,Broad,False,9755,9755,56340,151,0.58984375,9755,56340,151,133,0.58984375,0.51953125,0.993085630656193,6.028715554053357
True,inh,Ingush,Nakh-Daghestanian,Eurasia,inh_cyrl_broad.tsv,Cyrillic,,Broad,False,300,300,795,88,0.34375,300,795,88,62,0.34375,0.2421875,0.9471890971039182,5.846431716452546
True,ina,Interlingua (International Auxiliary Language Association),Unclassified,,ina_latn_broad.tsv,Latin,,Broad,False,484,484,2840,101,0.39453125,484,2840,101,86,0.39453125,0.3359375,0.986506306834849,5.759627656608078
True,gle,Irish,Indo-European,Eurasia,gle_latn_broad.tsv,Latin,,Broad,False,21164,21164,80805,161,0.62890625,20000,76311,161,143,0.62890625,0.55859375,0.9944291984007071,5.840900038102679
True,oss,Iron Ossetic,Indo-European,Eurasia,oss_cyrl_broad.tsv,Cyrillic,,Broad,False,124,124,294,50,0.1953125,124,294,50,29,0.1953125,0.11328125,0.8989247311827957,4.864865523182155
True,nhx,Isthmus-Mecayapan Nahuatl,Unclassified,,nhx_latn_broad.tsv,Latin,,Broad,False,146,146,736,82,0.3203125,146,736,82,60,0.3203125,0.234375,0.9569327731092437,5.8432944278457795
True,ita,Italian,Indo-European,Eurasia,ita_latn_broad_filtered.tsv,Latin,,Broad,True,89403,89403,656507,120,0.46875,20000,146878,116,110,0.453125,0.4296875,0.9684660549009876,5.697307219277644
True,jam,Jamaican Creole English,Indo-European,North America,jam_latn_broad.tsv,Latin,,Broad,False,415,415,1358,104,0.40625,415,1358,104,76,0.40625,0.296875,0.9644396551724138,5.969237641320586
True,jpn,Japanese,Japonic,Eurasia,jpn_hani_narrow_filtered.tsv,Han,,Narrow,True,16767,16767,53335,65,0.25390625,16767,53335,65,63,0.25390625,0.24609375,0.8784415410981771,5.31093742594701
True,jav,Javanese,Austronesian,Papunesia,jav_java_broad.tsv,Javanese,,Broad,False,1266,1266,5047,93,0.36328125,1266,5047,93,75,0.36328125,0.29296875,0.9765064836003051,5.612075804086736
True,jje,Jejueo,Unclassified,,jje_hang_narrow.tsv,Hangul,,Narrow,False,1226,1226,5044,111,0.43359375,1226,5044,111,101,0.43359375,0.39453125,0.9142857142857143,5.940800860562878
True,cjy,Jinyu Chinese,Unclassified,,cjy_hani_taiyuan_broad.tsv,Han,Taiyuan,Broad,False,4524,4524,12077,56,0.21875,4524,12077,56,52,0.21875,0.203125,0.5260358787109065,4.907597461526268
True,ktz,Juǀʼhoan,Kxa,Africa,ktz_latn_broad.tsv,Latin,,Broad,False,135,135,12,2,0.0078125,135,12,2,1,0.0078125,0.00390625,0.3313953488372093,0.6500224216483541
True,nrf,Jèrriais,Indo-European,Eurasia,nrf_latn_broad.tsv,Latin,,Broad,False,234,234,678,91,0.35546875,234,678,91,53,0.35546875,0.20703125,0.94,5.695992703502652
True,kbd,Kabardian,Abkhaz-Adyge,Eurasia,kbd_cyrl_narrow.tsv,Cyrillic,,Narrow,False,870,870,3226,102,0.3984375,870,3226,102,62,0.3984375,0.2421875,0.9610270518110958,5.282322256535296
True,kgp,Kaingang,Nuclear-Macro-Je,South America,kgp_latn_broad.tsv,Latin,,Broad,False,107,107,220,61,0.23828125,107,220,61,26,0.23828125,0.1015625,0.8470319634703196,5.470059725148784
True,kal,Kalaallisut,Eskimo-Aleut,North America,kal_latn_broad.tsv,Latin,,Broad,False,1581,1581,11997,111,0.43359375,1581,11997,111,88,0.43359375,0.34375,0.998751101968851,5.76365955542439
True,xal,Kalmyk,Mongolic-Khitan,Eurasia,xal_cyrl_broad.tsv,Cyrillic,,Broad,False,339,339,1215,89,0.34765625,339,1215,89,56,0.34765625,0.21875,0.9671532846715328,5.25787116568635
True,kan,Kannada,Dravidian,Eurasia,kan_knda_broad.tsv,Kannada,,Broad,False,1713,1713,8056,108,0.421875,1713,8056,108,96,0.421875,0.375,0.9773938795656466,5.600499440037133
True,krl,Karelian,Uralic,Eurasia,krl_latn_broad.tsv,Latin,,Broad,False,645,645,2654,102,0.3984375,645,2654,102,92,0.3984375,0.359375,0.9730512894813098,5.948019074937928
True,kas,Kashmiri,Indo-European,Eurasia,kas_arab_broad.tsv,Arabic,,Broad,False,751,751,1996,98,0.3828125,751,1996,98,68,0.3828125,0.265625,0.9472438282042611,5.528314350018476
True,csb,Kashubian,Unclassified,,csb_latn_broad.tsv,Latin,,Broad,False,2830,2830,12648,127,0.49609375,2830,12648,127,117,0.49609375,0.45703125,0.9363229755178908,6.02883452189971
True,kaw,Kawi,Unclassified,,kaw_latn_broad.tsv,Latin,,Broad,False,937,937,3556,83,0.32421875,937,3556,83,69,0.32421875,0.26953125,0.9755312298776562,5.339458468205726
True,kaz,Kazakh,Unclassified,,kaz_cyrl_broad.tsv,Cyrillic,,Broad,False,774,774,3340,119,0.46484375,774,3340,119,97,0.46484375,0.37890625,0.9961221522055259,5.927878904266589
True,klj,Khalaj,Unclassified,,klj_latn_broad.tsv,Latin,,Broad,False,155,155,527,69,0.26953125,155,527,69,50,0.26953125,0.1953125,0.9575342465753425,5.4669881688259006
True,kix,Khiamniungan Naga,Unclassified,,kix_latn_broad.tsv,Latin,,Broad,False,4240,4240,16992,95,0.37109375,4240,16992,95,73,0.37109375,0.28515625,0.5823954896090557,5.282732063403765
True,khm,Khmer,Austroasiatic,Eurasia,khm_khmr_broad_filtered.tsv,Khmer,,Broad,True,7084,7084,33711,163,0.63671875,7084,33711,163,156,0.63671875,0.609375,0.9695881391440477,6.3967102056306615
True,cnk,Khumi Chin,Unclassified,,cnk_latn_broad.tsv,Latin,,Broad,False,350,350,1044,44,0.171875,350,1044,44,43,0.171875,0.16796875,0.6897518014411529,4.720961797176572
True,kik,Kikuyu,Atlantic-Congo,Africa,kik_latn_broad.tsv,Latin,,Broad,False,1420,1420,1187,73,0.28515625,1420,1187,73,62,0.28515625,0.2421875,0.5494781843329561,5.486620696414106
True,sjd,Kildin Sami,Uralic,Eurasia,sjd_cyrl_broad.tsv,Cyrillic,,Broad,False,761,761,2548,143,0.55859375,761,2548,143,112,0.55859375,0.4375,0.9452554744525548,6.299104980046976
True,kir,Kirghiz,Turkic,Eurasia,kir_cyrl_broad.tsv,Cyrillic,,Broad,False,888,888,3643,121,0.47265625,888,3643,121,104,0.47265625,0.40625,0.9483949613978058,5.922440276874031
True,koi,Komi-Permyak,Uralic,Eurasia,koi_cyrl_broad.tsv,Cyrillic,,Broad,False,229,229,655,72,0.28125,229,655,72,46,0.28125,0.1796875,0.9717083786724701,5.472257751736927
True,kpv,Komi-Zyrian,Uralic,Eurasia,kpv_cyrl_broad.tsv,Cyrillic,,Broad,False,918,918,2946,110,0.4296875,918,2946,110,79,0.4296875,0.30859375,0.9633996561041513,5.695416219918606
True,kok,Konkani (macrolanguage),Unclassified,,kok_deva_broad.tsv,Devanagari,,Broad,False,173,173,503,80,0.3125,173,503,80,46,0.3125,0.1796875,0.9145077720207254,5.629552912731102
True,kor,Korean,Koreanic,Eurasia,kor_hang_narrow_filtered.tsv,Hangul,,Narrow,True,36146,36146,159072,106,0.4140625,20000,88146,106,105,0.4140625,0.41015625,0.8600116287520896,5.985304058675061
True,xkz,Kurtokha,Sino-Tibetan,Eurasia,xkz_tibt_narrow.tsv,Tibetan,,Narrow,False,474,474,612,73,0.28515625,474,612,73,52,0.28515625,0.203125,0.7129065040650406,5.544690614443665
True,kru,Kurukh,Dravidian,Eurasia,kru_deva_narrow.tsv,Devanagari,,Narrow,False,187,187,583,80,0.3125,187,583,80,54,0.3125,0.2109375,0.9520958083832335,5.473378133117015
True,kwk,Kwakiutl,Wakashan,North America,kwk_latn_broad.tsv,Latin,,Broad,False,116,116,29,16,0.0625,116,29,16,2,0.0625,0.0078125,0.8120805369127517,3.8664331502253835
True,lad,Ladino,Indo-European,Eurasia,lad_latn_broad.tsv,Latin,,Broad,False,145,145,675,88,0.34375,145,675,88,52,0.34375,0.203125,0.988009592326139,5.641906702168331
True,lmy,Lamboya,Unclassified,,lmy_latn_narrow.tsv,Latin,,Narrow,False,135,135,498,47,0.18359375,135,498,47,36,0.18359375,0.140625,0.9876160990712074,4.8218279637085235
True,lao,Lao,Tai-Kadai,Eurasia,lao_laoo_narrow.tsv,Lao,,Narrow,False,7387,7387,28794,50,0.1953125,7387,28794,50,50,0.1953125,0.1953125,0.6935770266960568,5.155313884024387
True,lsi,Lashi,Unclassified,,lsi_latn_narrow.tsv,Latin,,Narrow,False,141,141,260,42,0.1640625,141,260,42,31,0.1640625,0.12109375,0.6291208791208791,5.025949270291219
True,ltc,Late Middle Chinese,Unclassified,,ltc_hani_zhengzhang_broad.tsv,Han,Zhengzhang,Broad,False,19968,19968,34142,63,0.24609375,19968,34142,63,61,0.24609375,0.23828125,0.7452663435014328,5.112822777425494
True,ltg,Latgalian,Indo-European,Eurasia,ltg_latn_narrow.tsv,Latin,,Narrow,False,488,488,1341,82,0.3203125,488,1341,82,71,0.3203125,0.27734375,0.796316758747698,5.77102085427083
True,lat,Latin,Unclassified,,lat_latn_clas_narrow.tsv,Latin,Classical,Narrow,False,44907,44907,325279,116,0.453125,20000,144716,114,107,0.4453125,0.41796875,0.9772931548323005,5.62601711886377
True,lav,Latvian,Unclassified,,lav_latn_narrow_filtered.tsv,Latin,,Narrow,True,1437,1437,4667,101,0.39453125,1437,4667,101,91,0.39453125,0.35546875,0.8497427922000239,5.799444180939227
True,lzz,Laz,Kartvelian,Eurasia,lzz_geor_broad.tsv,Georgian,,Broad,False,363,363,1489,100,0.390625,363,1489,100,78,0.390625,0.3046875,0.9621020717534108,5.792926298447356
True,luh,Leizhou Chinese,Unclassified,,luh_hani_leizhou_broad.tsv,Han,Leizhou,Broad,False,1933,1933,3923,36,0.140625,1933,3923,36,36,0.140625,0.140625,0.5105893551201713,4.846351917572613
True,apc,Levantine Arabic,Unclassified,,apc_arab_broad.tsv,Arabic,,Broad,False,618,618,2719,147,0.57421875,618,2719,147,111,0.57421875,0.43359375,0.9970184853905785,6.163386302379478
True,ayl,Libyan Arabic,Afro-Asiatic,Africa,ayl_arab_broad.tsv,Arabic,,Broad,False,166,166,700,121,0.47265625,166,700,121,69,0.47265625,0.26953125,1.0,6.2582351405627366
True,lij,Ligurian,Indo-European,Eurasia,lij_latn_broad.tsv,Latin,,Broad,False,820,820,3586,98,0.3828125,820,3586,98,91,0.3828125,0.35546875,0.974820924679835,5.854595998090295
True,lif,Limbu,Unclassified,,lif_limb_broad.tsv,Limbu,,Broad,False,108,108,307,65,0.25390625,108,307,65,41,0.25390625,0.16015625,0.9615384615384616,5.6600467093739555
True,lim,Limburgan,Unclassified,,lim_latn_broad.tsv,Latin,,Broad,False,1128,1128,4493,141,0.55078125,1128,4493,141,109,0.55078125,0.42578125,0.9736976073307314,5.974990219328533
True,lit,Lithuanian,Indo-European,Eurasia,lit_latn_broad.tsv,Latin,,Broad,False,507,507,2048,97,0.37890625,507,2048,97,79,0.37890625,0.30859375,0.9300651354130957,5.671815815833017
True,liv,Liv,Uralic,Eurasia,liv_latn_broad.tsv,Latin,,Broad,False,2516,2516,9714,125,0.48828125,2516,9714,125,103,0.48828125,0.40234375,0.9707411719053163,5.863664498510546
True,olo,Livvi,Unclassified,,olo_latn_broad.tsv,Latin,,Broad,False,278,278,1147,97,0.37890625,278,1147,97,72,0.37890625,0.28125,0.9598155467720685,5.860437944277911
True,ycl,Lolopo,Unclassified,,ycl_latn_narrow.tsv,Latin,,Narrow,False,111,111,203,33,0.12890625,111,203,33,21,0.12890625,0.08203125,0.5120967741935484,4.400195541965845
True,lmo,Lombard,Unclassified,,lmo_latn_broad.tsv,Latin,,Broad,False,595,595,2164,95,0.37109375,595,2164,95,81,0.37109375,0.31640625,0.9682320441988951,5.713850853980027
True,lou,Louisiana Creole,Unclassified,,lou_latn_broad.tsv,Latin,,Broad,False,262,262,729,86,0.3359375,262,729,86,62,0.3359375,0.2421875,0.992992992992993,5.738901363606817
True,nds,Low German,Indo-European,Eurasia,nds_latn_broad.tsv,Latin,,Broad,False,492,492,1760,108,0.421875,492,1760,108,85,0.421875,0.33203125,0.9832041343669251,5.636056111541054
True,dsb,Lower Sorbian,Indo-European,Eurasia,dsb_latn_broad.tsv,Latin,,Broad,False,2484,2484,9407,112,0.4375,2484,9407,112,98,0.4375,0.3828125,0.9686899423446509,5.771114779234701
True,lut,Lushootseed,Unclassified,,lut_latn_broad.tsv,Latin,,Broad,False,140,140,436,96,0.375,140,436,96,43,0.375,0.16796875,0.9070121951219512,5.955928184030562
True,ltz,Luxembourgish,Indo-European,Eurasia,ltz_latn_broad.tsv,Latin,,Broad,False,4060,4060,19208,183,0.71484375,4060,19208,183,160,0.71484375,0.625,0.9910865874363328,6.2399670198309645
True,khb,Lü,Tai-Kadai,Eurasia,khb_talu_broad.tsv,New Tai Lue,,Broad,False,530,530,1168,50,0.1953125,530,1168,50,45,0.1953125,0.17578125,0.6744268077601411,5.135543566639988
True,rup,Macedo-Romanian,Unclassified,,rup_latn_narrow.tsv,Latin,,Narrow,False,197,197,936,75,0.29296875,197,936,75,57,0.29296875,0.22265625,0.9661876584953508,5.3278528382728565
True,mkd,Macedonian,Indo-European,Eurasia,mkd_cyrl_narrow.tsv,Cyrillic,,Narrow,False,66612,66612,466662,138,0.5390625,20000,140095,135,126,0.52734375,0.4921875,0.969815374445179,5.781192962235295
True,mdh,Maguindanaon,Unclassified,,mdh_latn_broad.tsv,Latin,,Broad,False,205,205,1006,79,0.30859375,205,1006,79,57,0.30859375,0.22265625,0.9942763695829926,5.589218221388476
True,mai,Maithili,Indo-European,Eurasia,mai_deva_narrow.tsv,Devanagari,,Narrow,False,167,167,391,53,0.20703125,167,391,53,32,0.20703125,0.125,0.8717579250720461,5.004039665424718
True,mak,Makasar,Austronesian,Papunesia,mak_latn_broad.tsv,Latin,,Broad,False,834,834,4020,78,0.3046875,834,4020,78,68,0.3046875,0.265625,0.9987661937075879,5.440007512196366
True,mlg,Malagasy,Unclassified,,mlg_latn_broad.tsv,Latin,,Broad,False,192,192,759,71,0.27734375,192,759,71,53,0.27734375,0.20703125,0.8681898066783831,5.468416443761721
True,msa,Malay (macrolanguage),Unclassified,,msa_latn_broad.tsv,Latin,,Broad,False,6672,6672,32620,159,0.62109375,6672,32620,159,139,0.62109375,0.54296875,0.9739071004906149,5.761681264660492
True,mal,Malayalam,Dravidian,Eurasia,mal_mlym_broad.tsv,Malayalam,,Broad,False,10406,10406,62680,127,0.49609375,10406,62680,127,110,0.49609375,0.4296875,0.9700147575452848,5.5045850061015065
True,pqm,Malecite-Passamaquoddy,Unclassified,,pqm_latn_broad.tsv,Latin,,Broad,False,151,151,974,73,0.28515625,151,974,73,53,0.28515625,0.20703125,0.9455564451561249,5.474316965468049
True,mlt,Maltese,Afro-Asiatic,Eurasia,mlt_latn_broad_filtered.tsv,Latin,,Broad,True,21124,21124,110601,164,0.640625,20000,104747,164,161,0.640625,0.62890625,0.9679736039533529,6.164342500367606
True,mnc,Manchu,Tungusic,Eurasia,mnc_mong_narrow.tsv,Mongolian,,Narrow,False,1553,1553,4480,104,0.40625,1553,4480,104,80,0.40625,0.3125,0.8305615811038805,5.455660953841026
True,cmn,Mandarin Chinese,Sino-Tibetan,Eurasia,cmn_hani_standard_broad.tsv,Han,Standard,Broad,False,168655,168655,500795,66,0.2578125,20000,59641,60,56,0.234375,0.21875,0.3977706994722965,4.900799682566325
True,glv,Manx,Unclassified,,glv_latn_broad.tsv,Latin,,Broad,False,785,785,2300,89,0.34765625,785,2300,89,70,0.34765625,0.2734375,0.9932497589199615,5.351882001646984
True,mri,Maori,Austronesian,Papunesia,mri_latn_broad.tsv,Latin,,Broad,False,1005,1005,4187,57,0.22265625,1005,4187,57,56,0.22265625,0.21875,1.0,5.436259891078322
True,mch,Maquiritari,Cariban,South America,mch_latn_narrow.tsv,Latin,,Narrow,False,1746,1746,8546,89,0.34765625,1746,8546,89,80,0.34765625,0.3125,0.9858088930936613,5.687236261354933
True,mar,Marathi,Indo-European,Eurasia,mar_deva_broad.tsv,Devanagari,,Broad,False,4872,4872,21254,113,0.44140625,4872,21254,113,105,0.44140625,0.41015625,0.9550065852703521,5.646580536598971
True,mah,Marshallese,Unclassified,,mah_latn_broad.tsv,Latin,,Broad,False,960,960,5139,60,0.234375,960,5139,60,57,0.234375,0.22265625,0.9786223277909739,4.838095027029919
True,acm,Mesopotamian Arabic,Unclassified,,acm_arab_broad.tsv,Arabic,,Broad,False,108,108,355,80,0.3125,108,355,80,37,0.3125,0.14453125,0.9630390143737166,5.709051114427231
True,mic,Mi'kmaq,Unclassified,,mic_latn_broad.tsv,Latin,,Broad,False,203,203,1120,85,0.33203125,203,1120,85,59,0.33203125,0.23046875,0.9027415143603134,5.651742323064634
True,dum,Middle Dutch (ca. 1050-1350),Unclassified,,dum_latn_broad.tsv,Latin,,Broad,False,222,222,734,76,0.296875,222,734,76,49,0.296875,0.19140625,1.0,5.034356196211516
True,enm,Middle English (1100-1500),Unclassified,,enm_latn_broad.tsv,Latin,,Broad,False,18272,18272,91258,158,0.6171875,18272,91258,158,140,0.6171875,0.546875,0.9832795254231258,5.583835158819446
True,gmh,Middle High German (ca. 1050-1500),Unclassified,,gmh_latn_broad.tsv,Latin,,Broad,False,1724,1724,8079,93,0.36328125,1724,8079,93,80,0.36328125,0.3125,0.9886580347284954,5.2267982983642165
True,mga,Middle Irish (900-1200),Unclassified,,mga_latn_broad.tsv,Latin,,Broad,False,501,501,2147,97,0.37890625,501,2147,97,77,0.37890625,0.30078125,0.9947604790419161,5.479199704206454
True,okm,Middle Korean (10th-16th cent.),Unclassified,,okm_hang_broad.tsv,Hangul,,Broad,False,573,573,1210,116,0.453125,573,1210,116,86,0.453125,0.3359375,0.7681564245810056,6.2133596230303345
True,gml,Middle Low German,Unclassified,,gml_latn_broad.tsv,Latin,,Broad,False,175,175,633,81,0.31640625,175,633,81,51,0.31640625,0.19921875,1.0,5.321838984696143
True,wlm,Middle Welsh,Unclassified,,wlm_latn_broad.tsv,Latin,,Broad,False,435,435,1638,93,0.36328125,435,1638,93,78,0.36328125,0.3046875,0.9647218453188603,5.687567897855886
True,mnp,Min Bei Chinese,Unclassified,,mnp_hani_jianou_broad.tsv,Han,Jian'ou,Broad,False,3685,3685,8864,35,0.13671875,3685,8864,35,35,0.13671875,0.13671875,0.5422920779172409,4.685870594504686
True,cdo,Min Dong Chinese,Sino-Tibetan,Eurasia,cdo_hani_fuzhou_broad.tsv,Han,Fuzhou,Broad,False,9099,9099,27520,58,0.2265625,9099,27520,58,56,0.2265625,0.21875,0.46545731404548313,5.0294964266779125
True,nan,Min Nan Chinese,Sino-Tibetan,Eurasia,nan_hani_hokkien_broad.tsv,Han,Hokkien,Broad,False,46238,46238,139454,43,0.16796875,20000,60278,43,42,0.16796875,0.1640625,0.397827346123385,4.98080152621427
True,ell,Modern Greek (1453-),Indo-European,Eurasia,ell_grek_broad_filtered.tsv,Greek,,Broad,True,19133,19133,141006,114,0.4453125,19133,141006,114,108,0.4453125,0.421875,1.0,5.721682909029846
True,mdf,Moksha,Uralic,Eurasia,mdf_cyrl_broad.tsv,Cyrillic,,Broad,False,334,334,1348,98,0.3828125,334,1348,98,77,0.3828125,0.30078125,0.9838616714697407,5.949054840938003
True,mnw,Mon,Unclassified,,mnw_mymr_broad.tsv,Myanmar,,Broad,False,1110,1110,3315,142,0.5546875,1110,3315,142,114,0.5546875,0.4453125,0.9475087143735903,6.2918003238913816
True,mon,Mongolian,Mongolic-Khitan,Eurasia,mon_cyrl_broad.tsv,Cyrillic,,Broad,False,3563,3563,17808,125,0.48828125,3563,17808,125,107,0.48828125,0.41796875,0.9566243987756887,5.868536975603902
True,mfe,Morisyen,Indo-European,Africa,mfe_latn_broad.tsv,Latin,,Broad,False,233,233,948,98,0.3828125,233,948,98,70,0.3828125,0.2734375,0.9941225860621327,5.9510004364279805
True,ary,Moroccan Arabic,Afro-Asiatic,Africa,ary_arab_broad.tsv,Arabic,,Broad,False,2168,2168,9047,153,0.59765625,2168,9047,153,142,0.59765625,0.5546875,0.9998217309920671,6.109604668482574
True,mtq,Muong,Unclassified,,mtq_latn_broad.tsv,Latin,,Broad,False,194,194,366,45,0.17578125,194,366,45,35,0.17578125,0.13671875,0.7417218543046358,5.104206748303901
True,huu,Murui Huitoto,Huitotoan,South America,huu_latn_narrow.tsv,Latin,,Narrow,False,440,440,1798,63,0.24609375,440,1798,63,56,0.24609375,0.21875,0.9613120269133726,5.411308933175637
True,nmy,Namuyi,Unclassified,,nmy_latn_narrow.tsv,Latin,,Narrow,False,354,354,516,49,0.19140625,354,516,49,34,0.19140625,0.1328125,0.6168493941142528,5.020366060715434
True,nav,Navajo,Athabaskan-Eyak-Tlingit,North America,nav_latn_broad.tsv,Latin,,Broad,False,995,995,268,37,0.14453125,995,268,37,21,0.14453125,0.08203125,0.5241464709004069,4.150501299478189
True,nap,Neapolitan,Unclassified,,nap_latn_broad.tsv,Latin,,Broad,False,231,231,985,78,0.3046875,231,985,78,68,0.3046875,0.265625,0.982414068745004,5.633073026951847
True,yrk,Nenets,Uralic,Eurasia,yrk_cyrl_narrow.tsv,Cyrillic,,Narrow,False,455,455,1880,81,0.31640625,455,1880,81,64,0.31640625,0.25,0.9800829875518672,5.488828380843704
True,nep,Nepali (macrolanguage),Unclassified,,nep_deva_narrow.tsv,Devanagari,,Narrow,False,2329,2329,6777,93,0.36328125,2329,6777,93,68,0.36328125,0.265625,0.8329532497149373,5.042393148376872
True,new,Newari,Sino-Tibetan,Eurasia,new_deva_narrow.tsv,Devanagari,,Narrow,False,416,416,1259,79,0.30859375,416,1259,79,65,0.30859375,0.25390625,0.915299100052938,5.597503767840623
True,yrl,Nhengatu,Tupian,South America,yrl_latn_broad.tsv,Latin,,Broad,False,156,156,635,57,0.22265625,156,635,57,40,0.22265625,0.15625,0.973397823458283,5.243366676535328
True,frr,Northern Frisian,Indo-European,Eurasia,frr_latn_narrow.tsv,Latin,,Narrow,False,572,572,1600,95,0.37109375,572,1600,95,82,0.37109375,0.3203125,0.9624027657735523,5.760322306011215
True,kmr,Northern Kurdish,Indo-European,Eurasia,kmr_latn_broad.tsv,Latin,,Broad,False,2193,2193,10179,149,0.58203125,2193,10179,149,118,0.58203125,0.4609375,0.9848017098076466,5.6288658742356885
True,sme,Northern Sami,Uralic,Eurasia,sme_latn_broad.tsv,Latin,,Broad,False,5506,5506,30187,125,0.48828125,5506,30187,125,116,0.48828125,0.453125,0.9571172853918593,5.9997206005962225
True,twf,Northern Tiwa,Kiowa-Tanoan,North America,twf_latn_broad.tsv,Latin,,Broad,False,135,135,360,83,0.32421875,135,360,83,37,0.32421875,0.14453125,0.7773809523809524,5.3405636960979495
True,nor,Norwegian,Indo-European,Eurasia,nor_latn_broad.tsv,Latin,,Broad,False,1331,1331,5346,140,0.546875,1331,5346,140,118,0.546875,0.4609375,0.9115803814713896,5.914535441333555
True,nob,Norwegian Bokmål,Indo-European,Eurasia,nob_latn_broad_filtered.tsv,Latin,,Broad,True,2883,2883,18209,149,0.58203125,2883,18209,149,132,0.58203125,0.515625,1.0,5.756775193212464
True,nno,Norwegian Nynorsk,Unclassified,,nno_latn_broad.tsv,Latin,,Broad,False,5644,5644,23919,157,0.61328125,5644,23919,157,146,0.61328125,0.5703125,0.9150077041602466,6.0370441002937305
True,nup,Nupe-Nupe-Tako,Atlantic-Congo,Africa,nup_latn_broad.tsv,Latin,,Broad,False,453,453,6,5,0.01953125,453,6,5,0,0.01953125,0.0,0.37355371900826445,2.2516291673878226
True,cbn,Nyahkur,Austroasiatic,Eurasia,cbn_thai_broad.tsv,Thai,,Broad,False,151,151,386,64,0.25,151,386,64,39,0.25,0.15234375,0.978494623655914,5.408677729677356
True,nya,Nyanja,Unclassified,,nya_latn_broad.tsv,Latin,,Broad,False,1624,1624,4838,74,0.2890625,1624,4838,74,65,0.2890625,0.25390625,0.7825010317787866,5.33137315345058
True,ngh,Nǁng,Unclassified,,ngh_latn_broad.tsv,Latin,,Broad,False,325,325,835,95,0.37109375,325,835,95,55,0.37109375,0.21484375,0.792,5.612936213764817
True,oci,Occitan (post 1500),Indo-European,Eurasia,oci_latn_broad.tsv,Latin,,Broad,False,748,748,3371,124,0.484375,748,3371,124,100,0.484375,0.390625,0.9852906287069988,5.99310913278966
True,arc,Official Aramaic (700-300 BCE),Unclassified,,arc_hebr_broad.tsv,Hebrew,,Broad,False,1245,1245,6621,168,0.65625,1245,6621,168,145,0.65625,0.56640625,0.99860529986053,6.203934668163041
True,oji,Ojibwa,Unclassified,,oji_latn_broad.tsv,Latin,,Broad,False,136,136,812,67,0.26171875,136,812,67,53,0.26171875,0.20703125,0.9816700610997964,5.350262455305219
True,och,Old Chinese,Unclassified,,och_hani_zhengzhang_broad.tsv,Han,Zhengzhang,Broad,False,19608,19608,63457,130,0.5078125,19608,63457,130,122,0.5078125,0.4765625,0.7928157460033037,5.934699806853087
True,ang,Old English (ca. 450-1100),Unclassified,,ang_latn_broad.tsv,Latin,,Broad,False,55835,55835,323755,173,0.67578125,20000,115841,172,162,0.671875,0.6328125,0.9565061253252385,6.0236332738976515
True,fro,Old French (842-ca. 1400),Unclassified,,fro_latn_broad.tsv,Latin,,Broad,False,1057,1057,4547,99,0.38671875,1057,4547,99,87,0.38671875,0.33984375,0.9530656089902495,5.503364128529635
True,ofs,Old Frisian,Unclassified,,ofs_latn_broad.tsv,Latin,,Broad,False,177,177,509,75,0.29296875,177,509,75,51,0.29296875,0.19921875,1.0,5.45633616172451
True,goh,Old High German (ca. 750-1050),Unclassified,,goh_latn_broad.tsv,Latin,,Broad,False,199,199,692,94,0.3671875,199,692,94,63,0.3671875,0.24609375,0.9835164835164835,5.794053659722992
True,sga,Old Irish (to 900),Unclassified,,sga_latn_broad.tsv,Latin,,Broad,False,3799,3799,15692,124,0.484375,3799,15692,124,109,0.484375,0.42578125,0.9794002865187966,5.69275274988821
True,non,Old Norse,Unclassified,,non_latn_broad.tsv,Latin,,Broad,False,318,318,1190,120,0.46875,318,1190,120,87,0.46875,0.33984375,0.974587039390089,6.165944605902025
True,orv,Old Russian,Unclassified,,orv_cyrl_broad.tsv,Cyrillic,,Broad,False,1612,1612,7080,108,0.421875,1612,7080,108,88,0.421875,0.34375,0.9722982590605497,5.661013342568641
True,osx,Old Saxon,Unclassified,,osx_latn_broad.tsv,Latin,,Broad,False,273,273,1216,107,0.41796875,273,1216,107,77,0.41796875,0.30078125,0.9881889763779528,5.8437308678622175
True,osp,Old Spanish,Unclassified,,osp_latn_broad.tsv,Latin,,Broad,False,681,681,3324,94,0.3671875,681,3324,94,83,0.3671875,0.32421875,0.9583718778908418,5.660142626579212
True,ota,Ottoman Turkish (1500-1928),Unclassified,,ota_arab_broad.tsv,Arabic,,Broad,False,209,209,869,120,0.46875,209,869,120,72,0.46875,0.28125,0.9758064516129032,5.967263571356128
True,pam,Pampanga,Austronesian,Papunesia,pam_latn_broad.tsv,Latin,,Broad,False,926,926,4267,97,0.37890625,926,4267,97,87,0.37890625,0.33984375,0.998272221155692,5.518942370934426
True,pag,Pangasinan,Austronesian,Papunesia,pag_latn_broad.tsv,Latin,,Broad,False,229,229,1129,82,0.3203125,229,1129,82,54,0.3203125,0.2109375,0.9978005865102639,5.478759330754582
True,pan,Panjabi,Indo-European,Eurasia,pan_guru_broad.tsv,Gurmukhi,,Broad,False,1586,1586,4161,128,0.5,1586,4161,128,94,0.5,0.3671875,0.8074026802807913,5.352070408426274
True,gug,Paraguayan Guaraní,Tupian,South America,gug_latn_broad.tsv,Latin,,Broad,False,348,348,1425,79,0.30859375,348,1425,79,58,0.30859375,0.2265625,0.9134092033646709,5.571089809162348
True,pdc,Pennsylvania German,Unclassified,,pdc_latn_broad.tsv,Latin,,Broad,False,510,510,3446,92,0.359375,510,3446,92,73,0.359375,0.28515625,0.976,5.358568631309408
True,fas,Persian,Unclassified,,fas_arab_broad.tsv,Arabic,,Broad,False,10312,10312,50886,212,0.828125,10312,50886,212,194,0.828125,0.7578125,0.9812283434529675,5.988132387100975
True,phl,Phalura,Indo-European,Eurasia,phl_latn_broad.tsv,Latin,,Broad,False,2240,2240,7555,131,0.51171875,2240,7555,131,105,0.51171875,0.41015625,0.8448592636143162,5.848464021009481
True,pms,Piemontese,Unclassified,,pms_latn_broad.tsv,Latin,,Broad,False,921,921,4401,99,0.38671875,921,4401,99,87,0.38671875,0.33984375,0.9866202346041055,5.632445673563395
True,ppl,Pipil,Unclassified,,ppl_latn_broad.tsv,Latin,,Broad,False,283,283,1120,78,0.3046875,283,1120,78,64,0.3046875,0.25,0.961744966442953,5.693735029355598
True,pjt,Pitjantjatjara,Pama-Nyungan,Australia,pjt_latn_narrow.tsv,Latin,,Narrow,False,125,125,525,43,0.16796875,125,525,43,35,0.16796875,0.13671875,1.0,4.786745876840074
True,crk,Plains Cree,Unclassified,,crk_latn_narrow.tsv,Latin,,Narrow,False,159,159,936,62,0.2421875,159,936,62,51,0.2421875,0.19921875,0.9755884917175239,5.378403854301275
True,pbv,Pnar,Austroasiatic,Eurasia,pbv_latn_broad.tsv,Latin,,Broad,False,101,101,244,72,0.28125,101,244,72,36,0.28125,0.140625,0.9693593314763231,5.768125874217206
True,pox,Polabian,Unclassified,,pox_latn_broad.tsv,Latin,,Broad,False,321,321,1120,100,0.390625,321,1120,100,69,0.390625,0.26953125,0.9583333333333334,5.81284893771691
True,pol,Polish,Indo-European,Eurasia,pol_latn_broad.tsv,Latin,,Broad,False,157042,157042,999081,163,0.63671875,20000,126486,159,154,0.62109375,0.6015625,0.9470644069490065,6.181102978336171
True,por,Portuguese,Indo-European,Eurasia,por_latn_bz_broad_filtered.tsv,Latin,Brazil,Broad,True,187755,187755,1197480,135,0.52734375,20000,127274,130,123,0.5078125,0.48046875,0.9375045444630262,5.9339637628868305
True,cpx,Pu-Xian Chinese,Unclassified,,cpx_hani_putian_broad.tsv,Han,Putian,Broad,False,8762,8762,22288,49,0.19140625,8762,22288,49,49,0.19140625,0.19140625,0.438307317250664,5.17971573825479
True,pus,Pushto,Unclassified,,pus_arab_broad.tsv,Arabic,,Broad,False,1414,1414,5277,152,0.59375,1414,5277,152,124,0.59375,0.484375,0.9759907434191496,6.1735700914504035
True,pwo,Pwo Western Karen,Unclassified,,pwo_mymr_broad.tsv,Myanmar,,Broad,False,130,130,141,46,0.1796875,130,141,46,15,0.1796875,0.05859375,0.7589743589743589,4.8115818314149434
True,rgn,Romagnol,Unclassified,,rgn_latn_broad.tsv,Latin,,Broad,False,267,267,1213,79,0.30859375,267,1213,79,53,0.30859375,0.20703125,0.9483076923076923,5.3927729827963065
True,ron,Romanian,Indo-European,Eurasia,ron_latn_broad.tsv,Latin,,Broad,False,9286,9286,53224,131,0.51171875,9286,53224,131,116,0.51171875,0.453125,0.9683800434887654,5.694292825084465
True,rom,Romany,Unclassified,,rom_latn_broad.tsv,Latin,,Broad,False,195,195,179,55,0.21484375,195,179,55,22,0.21484375,0.0859375,0.8951406649616368,5.17777617738063
True,rus,Russian,Indo-European,Eurasia,rus_cyrl_narrow.tsv,Cyrillic,,Narrow,False,466668,466668,3637179,153,0.59765625,20000,155647,138,132,0.5390625,0.515625,0.9741818556723407,5.7112924818697435
True,rue,Rusyn,Indo-European,Eurasia,rue_cyrl_narrow.tsv,Cyrillic,,Narrow,False,107,107,426,81,0.31640625,107,426,81,48,0.31640625,0.1875,0.9663716814159292,5.723062487163334
True,rsk,Ruthenian,Unclassified,,rsk_cyrl_narrow.tsv,Cyrillic,,Narrow,False,6695,6695,36857,139,0.54296875,6695,36857,139,133,0.54296875,0.51953125,0.9389760099698826,6.031641079710154
True,ksw,S'gaw Karen,Sino-Tibetan,Eurasia,ksw_mymr_broad.tsv,Myanmar,,Broad,False,233,233,295,60,0.234375,233,295,60,36,0.234375,0.140625,0.5928571428571429,5.339009316996288
True,slr,Salar,Turkic,Eurasia,slr_latn_broad.tsv,Latin,,Broad,False,1724,1724,7193,131,0.51171875,1724,7193,131,105,0.51171875,0.41015625,0.9713916971391697,5.563132018425821
True,san,Sanskrit,Indo-European,Eurasia,san_deva_broad.tsv,Devanagari,,Broad,False,17859,17859,82953,123,0.48046875,17859,82953,123,120,0.48046875,0.46875,0.9341663176094183,5.982876999325834
True,skr,Saraiki,Indo-European,Eurasia,skr_arab_broad.tsv,Arabic,,Broad,False,349,349,1091,89,0.34765625,349,1091,89,59,0.34765625,0.23046875,0.9180124223602485,5.297957476870206
True,srd,Sardinian,Unclassified,,srd_latn_broad.tsv,Latin,,Broad,False,722,722,3360,90,0.3515625,722,3360,90,79,0.3515625,0.30859375,0.9819219790675547,5.551826505560065
True,srs,Sarsi,Unclassified,,srs_latn_broad.tsv,Latin,,Broad,False,137,137,610,54,0.2109375,137,610,54,40,0.2109375,0.15625,0.8803986710963455,5.129077302395761
True,sdc,Sassarese Sardinian,Unclassified,,sdc_latn_broad.tsv,Latin,,Broad,False,344,344,1449,89,0.34765625,344,1449,89,75,0.34765625,0.29296875,0.9681528662420382,5.754656266498534
True,stq,Saterfriesisch,Unclassified,,stq_latn_broad.tsv,Latin,,Broad,False,818,818,3337,119,0.46484375,818,3337,119,96,0.46484375,0.375,0.9987995198079231,5.792870843048808
True,sco,Scots,Indo-European,Eurasia,sco_latn_broad.tsv,Latin,,Broad,False,1338,1338,4655,146,0.5703125,1338,4655,146,121,0.5703125,0.47265625,0.9956903696336814,5.893948674814363
True,gla,Scottish Gaelic,Indo-European,Eurasia,gla_latn_broad.tsv,Latin,,Broad,False,6000,6000,20287,144,0.5625,6000,20287,144,130,0.5625,0.5078125,0.9422297648321961,5.803379111411464
True,gul,Sea Island Creole English,Unclassified,,gul_latn_broad.tsv,Latin,,Broad,False,304,304,947,105,0.41015625,304,947,105,74,0.41015625,0.2890625,0.96771714066103,5.929629056697416
True,sjs,Senhaja De Srair,Unclassified,,sjs_latn_broad.tsv,Latin,,Broad,False,865,865,4232,127,0.49609375,865,4232,127,111,0.49609375,0.43359375,0.9949367088607595,5.984380823517185
True,hbs,Serbo-Croatian,Unclassified,,hbs_latn_broad_filtered.tsv,Latin,,Broad,True,26933,26933,121925,135,0.52734375,20000,90524,133,124,0.51953125,0.484375,0.8381095995893224,5.7666018180338785
True,shn,Shan,Tai-Kadai,Eurasia,shn_mymr_broad.tsv,Myanmar,,Broad,False,2607,2607,8340,50,0.1953125,2607,8340,50,45,0.1953125,0.17578125,0.6753613314516521,4.70667832211702
True,scn,Sicilian,Unclassified,,scn_latn_broad.tsv,Latin,,Broad,False,1599,1599,8133,108,0.421875,1599,8133,108,90,0.421875,0.3515625,0.9841142971325807,5.753103389616701
True,sid,Sidamo,Afro-Asiatic,Africa,sid_latn_broad.tsv,Latin,,Broad,False,298,298,1142,79,0.30859375,298,1142,79,62,0.30859375,0.2421875,0.9539641943734015,5.560774824400885
True,szl,Silesian,Unclassified,,szl_latn_broad.tsv,Latin,,Broad,False,2925,2925,13923,130,0.5078125,2925,13923,130,118,0.5078125,0.4609375,0.9392289261598781,6.1675725804542
True,snd,Sindhi,Indo-European,Eurasia,snd_arab_broad.tsv,Arabic,,Broad,False,362,362,974,98,0.3828125,362,974,98,62,0.3828125,0.2421875,0.9567988668555241,5.480084039476453
True,sin,Sinhala,Indo-European,Eurasia,sin_sinh_broad.tsv,Sinhala,,Broad,False,393,393,1721,75,0.29296875,393,1721,75,56,0.29296875,0.21875,0.9758652094717668,5.256835433279748
True,sms,Skolt Sami,Uralic,Eurasia,sms_latn_broad.tsv,Latin,,Broad,False,119,119,132,66,0.2578125,119,132,66,15,0.2578125,0.05859375,0.8921933085501859,5.718879824580209
True,slk,Slovak,Indo-European,Eurasia,slk_latn_broad.tsv,Latin,,Broad,False,15950,15950,84568,153,0.59765625,15950,84568,153,139,0.59765625,0.54296875,0.9632182192917829,6.038921927200975
True,slv,Slovenian,Indo-European,Eurasia,slv_latn_broad_filtered.tsv,Latin,,Broad,True,5814,5814,18881,128,0.5,5814,18881,128,113,0.5,0.44140625,0.8096321070234114,5.874860113744499
True,ajp,South Levantine Arabic,Unclassified,,ajp_arab_broad.tsv,Arabic,,Broad,False,3182,3182,14166,168,0.65625,3182,14166,168,145,0.65625,0.56640625,0.9998847328684226,5.9374765476174485
True,xsl,South Slavey,Unclassified,,xsl_latn_narrow.tsv,Latin,,Narrow,False,304,304,2,1,0.00390625,304,2,1,0,0.00390625,0.0,0.4516393442622951,0.0
True,csp,Southern Pinghua,Unclassified,,csp_hani_nanning_broad.tsv,Han,Nanning,Broad,False,1289,1289,2786,41,0.16015625,1289,2786,41,41,0.16015625,0.16015625,0.5211964466434275,5.009093438661263
True,yux,Southern Yukaghir,Yukaghir,Eurasia,yux_cyrl_narrow.tsv,Cyrillic,,Narrow,False,255,255,938,71,0.27734375,255,938,71,54,0.27734375,0.2109375,0.9525660964230172,5.460646601028
True,spa,Spanish,Indo-European,Eurasia,spa_latn_ca_broad_filtered.tsv,Latin,"Castilian, Spain",Broad,True,133127,133127,1056161,131,0.51171875,20000,158995,120,110,0.46875,0.4296875,0.9952766120224638,5.704611959280727
True,srn,Sranan Tongo,Unclassified,,srn_latn_broad.tsv,Latin,,Broad,False,849,849,3972,96,0.375,849,3972,96,79,0.375,0.30859375,0.9903964037597057,5.809823221303457
True,pga,Sudanese Creole Arabic,Unclassified,,pga_latn_broad.tsv,Latin,,Broad,False,112,112,436,69,0.26953125,112,436,69,42,0.26953125,0.1640625,1.0,5.5263648405395704
True,swa,Swahili (macrolanguage),Unclassified,,swa_latn_broad.tsv,Latin,,Broad,False,370,370,1248,91,0.35546875,370,1248,91,64,0.35546875,0.25,0.9472502805836139,5.705927812777696
True,swe,Swedish,Indo-European,Eurasia,swe_latn_broad.tsv,Latin,,Broad,False,5856,5856,29155,159,0.62109375,5856,29155,159,148,0.62109375,0.578125,0.9575348432055749,6.0402323005729
True,gsw,Swiss German,Indo-European,Eurasia,gsw_latn_broad.tsv,Latin,,Broad,False,511,511,1775,126,0.4921875,511,1775,126,99,0.4921875,0.38671875,0.9804338579327946,5.992893249978687
True,syl,Sylheti,Unclassified,,syl_sylo_broad.tsv,Syloti Nagri,,Broad,False,398,398,1099,95,0.37109375,398,1099,95,67,0.37109375,0.26171875,0.9304245283018868,5.73241550314352
True,shi,Tachelhit,Afro-Asiatic,Africa,shi_latn_broad.tsv,Latin,,Broad,False,509,509,1708,112,0.4375,509,1708,112,93,0.4375,0.36328125,1.0,6.082038504691037
True,tgl,Tagalog,Austronesian,Papunesia,tgl_latn_broad.tsv,Latin,,Broad,False,28295,28295,178881,142,0.5546875,20000,126824,140,130,0.546875,0.5078125,0.9964178821489998,5.935407650644397
True,blt,Tai Dam,Unclassified,,blt_tavt_narrow.tsv,Tai Viet,,Narrow,False,250,250,449,47,0.18359375,250,449,47,45,0.18359375,0.17578125,0.6923809523809524,5.199266520494709
True,tgk,Tajik,Indo-European,Eurasia,tgk_cyrl_broad.tsv,Cyrillic,,Broad,False,3269,3269,18306,179,0.69921875,3269,18306,179,158,0.69921875,0.6171875,0.9834408699183323,6.10930175495924
True,tam,Tamil,Dravidian,Eurasia,tam_taml_broad.tsv,Tamil,,Broad,False,10492,10492,56641,137,0.53515625,10492,56641,137,106,0.53515625,0.4140625,0.9645706406269786,5.436806091803164
True,tel,Telugu,Dravidian,Eurasia,tel_telu_broad.tsv,Telugu,,Broad,False,5117,5117,26437,102,0.3984375,5117,26437,102,81,0.3984375,0.31640625,0.9596323179438363,5.26766848263597
True,tft,Ternate,North Halmahera,Papunesia,tft_latn_broad.tsv,Latin,,Broad,False,297,297,1059,78,0.3046875,297,1059,78,64,0.3046875,0.25,0.9723991507430998,5.639384330763573
True,nhg,Tetelcingo Nahuatl,Unclassified,,nhg_latn_narrow.tsv,Latin,,Narrow,False,305,305,1707,91,0.35546875,305,1707,91,78,0.35546875,0.3046875,0.9092088197146563,5.821902051956076
True,tew,Tewa (USA),Kiowa-Tanoan,North America,tew_latn_broad.tsv,Latin,,Broad,False,106,106,9,6,0.0234375,106,9,6,1,0.0234375,0.00390625,0.5270655270655271,2.2810361125534233
True,tha,Thai,Tai-Kadai,Eurasia,tha_thai_broad.tsv,Thai,,Broad,False,18416,18416,63745,63,0.24609375,18416,63745,63,57,0.24609375,0.22265625,0.6489372920279327,5.1233331801377835
True,bod,Tibetan,Sino-Tibetan,Eurasia,bod_tibt_broad.tsv,Tibetan,,Broad,False,3621,3621,9899,143,0.55859375,3621,9899,143,122,0.55859375,0.4765625,0.7145017247082172,6.109857049371442
True,tkl,Tokelau,Unclassified,,tkl_latn_narrow.tsv,Latin,,Narrow,False,340,340,1216,60,0.234375,340,1216,60,57,0.234375,0.22265625,0.990530303030303,5.438938350550607
True,ton,Tonga (Tonga Islands),Austronesian,Papunesia,ton_latn_broad.tsv,Latin,,Broad,False,175,175,690,67,0.26171875,175,690,67,61,0.26171875,0.23828125,1.0,5.65426777494802
True,tpw,Tupí,Unclassified,,tpw_latn_broad.tsv,Latin,,Broad,False,375,375,1547,75,0.29296875,375,1547,75,60,0.29296875,0.234375,0.9479961832061069,5.649874290030591
True,tur,Turkish,Turkic,Eurasia,tur_latn_broad.tsv,Latin,,Broad,False,12321,12321,68864,187,0.73046875,12321,68864,187,173,0.73046875,0.67578125,0.9795750758793073,5.987445698216983
True,tuk,Turkmen,Turkic,Eurasia,tuk_latn_broad.tsv,Latin,,Broad,False,452,452,1641,130,0.5078125,452,1641,130,93,0.5078125,0.36328125,0.967624259005928,6.106635690972253
True,tru,Turoyo,Unclassified,,tru_syrc_broad.tsv,Syriac,,Broad,False,232,232,955,118,0.4609375,232,955,118,82,0.4609375,0.3203125,0.9755700325732899,6.1423105074279745
True,tyv,Tuvinian,Turkic,Eurasia,tyv_cyrl_broad.tsv,Cyrillic,,Broad,False,508,508,1792,87,0.33984375,508,1792,87,64,0.33984375,0.25,0.9588984792437321,5.498272103248824
True,uby,Ubykh,Unclassified,,uby_cyrl_narrow.tsv,Cyrillic,,Narrow,False,1317,1317,5506,124,0.484375,1317,5506,124,92,0.484375,0.359375,0.9472911662663465,5.425058493439494
True,uig,Uighur,Turkic,Eurasia,uig_arab_broad.tsv,Arabic,,Broad,False,2674,2674,12885,149,0.58203125,2674,12885,149,127,0.58203125,0.49609375,0.9820703442244019,5.932969187578812
True,ukr,Ukrainian,Indo-European,Eurasia,ukr_cyrl_narrow.tsv,Cyrillic,,Narrow,False,53021,53021,366370,155,0.60546875,20000,138169,149,140,0.58203125,0.546875,0.9699501559866605,5.890285564907858
True,ulw,Ulwa,Misumalpan,North America,ulw_latn_broad.tsv,Latin,,Broad,False,103,103,532,73,0.28515625,103,532,73,41,0.28515625,0.16015625,1.0,5.239747079196766
True,bbn,Uneapa,Unclassified,,bbn_latn_broad.tsv,Latin,,Broad,False,194,194,802,60,0.234375,194,802,60,56,0.234375,0.21875,0.9825581395348837,5.521249827397364
True,hsb,Upper Sorbian,Indo-European,Eurasia,hsb_latn_broad.tsv,Latin,,Broad,False,1130,1130,4771,121,0.47265625,1130,4771,121,100,0.47265625,0.390625,0.9292545923789282,6.053269626623807
True,urk,Urak Lawoi',Unclassified,,urk_thai_broad.tsv,Thai,,Broad,False,629,629,2311,78,0.3046875,629,2311,78,64,0.3046875,0.25,1.0,5.610728571395067
True,urd,Urdu,Indo-European,Eurasia,urd_arab_broad.tsv,Arabic,,Broad,False,7709,7709,31916,181,0.70703125,7709,31916,181,160,0.70703125,0.625,0.9550891070237301,5.908445741288932
True,uzb,Uzbek,Unclassified,,uzb_latn_broad.tsv,Latin,,Broad,False,345,345,1406,132,0.515625,345,1406,132,94,0.515625,0.3671875,0.9837988826815642,6.242890447513686
True,vec,Venetian,Unclassified,,vec_latn_broad.tsv,Latin,,Broad,False,141,141,584,81,0.31640625,141,584,81,56,0.31640625,0.21875,0.9787516600265604,5.726022761211253
True,vie,Vietnamese,Austroasiatic,Eurasia,vie_latn_saigon_narrow_filtered.tsv,Latin,Saigon,Narrow,True,32550,32550,128539,64,0.25,20000,78900,63,59,0.24609375,0.23046875,0.7004401449342685,4.996392500413792
True,vol,Volapük,Unclassified,,vol_latn_broad.tsv,Latin,,Broad,False,446,446,1794,91,0.35546875,446,1794,91,66,0.35546875,0.2578125,0.990728476821192,5.364684592062973
True,vot,Votic,Uralic,Eurasia,vot_latn_broad.tsv,Latin,,Broad,False,2915,2915,11768,140,0.546875,2915,11768,140,112,0.546875,0.4375,0.9635963207669387,6.06987983939514
True,wbk,Waigali,Unclassified,,wbk_latn_broad.tsv,Latin,,Broad,False,154,154,445,59,0.23046875,154,445,59,44,0.23046875,0.171875,0.9259818731117825,5.412670921260986
True,wln,Walloon,Unclassified,,wln_latn_broad.tsv,Latin,,Broad,False,2480,2480,8788,130,0.5078125,2480,8788,130,105,0.5078125,0.41015625,0.9459392742532708,5.8210830267791795
True,war,Waray (Philippines),Unclassified,,war_latn_broad.tsv,Latin,,Broad,False,383,383,1954,99,0.38671875,383,1954,99,77,0.38671875,0.30078125,1.0,5.73892523452831
True,wau,Waurá,Arawakan,South America,wau_latn_broad.tsv,Latin,,Broad,False,146,146,821,53,0.20703125,146,821,53,50,0.20703125,0.1953125,0.9551098376313276,5.367090737049317
True,cym,Welsh,Indo-European,Eurasia,cym_latn_sw_broad_filtered.tsv,Latin,South Wales,Broad,True,20305,20305,107274,148,0.578125,20000,105719,148,147,0.578125,0.57421875,0.9994992011065271,5.945192544475384
True,mqs,West Makian,North Halmahera,Papunesia,mqs_latn_broad.tsv,Latin,,Broad,False,791,791,2916,83,0.32421875,791,2916,83,63,0.32421875,0.24609375,0.9824100813861906,5.672476898766442
True,apw,Western Apache,Unclassified,,apw_latn_narrow.tsv,Latin,,Narrow,False,147,147,372,85,0.33203125,147,372,85,39,0.33203125,0.15234375,0.7555816686251469,5.6687889415928385
True,fry,Western Frisian,Indo-European,Eurasia,fry_latn_broad.tsv,Latin,,Broad,False,1246,1246,5659,132,0.515625,1246,5659,132,114,0.515625,0.4453125,0.9978361223312175,5.827663305839797
True,kyu,Western Kayah,Unclassified,,kyu_kali_broad.tsv,Kayah Li,,Broad,False,128,128,182,40,0.15625,128,182,40,23,0.15625,0.08984375,0.706,4.843389482952312
True,wiy,Wiyot,Algic,North America,wiy_latn_broad.tsv,Latin,,Broad,False,151,151,366,81,0.31640625,151,366,81,48,0.31640625,0.1875,0.7642276422764228,5.820048836868513
True,wuu,Wu Chinese,Sino-Tibetan,Eurasia,wuu_hani_shanghai_broad.tsv,Han,Shanghai,Broad,False,14143,14143,34782,51,0.19921875,14143,34782,51,47,0.19921875,0.18359375,0.5023764908358331,4.890158611733995
True,xho,Xhosa,Atlantic-Congo,Africa,xho_latn_narrow.tsv,Latin,,Narrow,False,880,880,1412,67,0.26171875,880,1412,67,53,0.26171875,0.20703125,0.5959444235824258,5.248250856494718
True,hsn,Xiang Chinese,Unclassified,,hsn_hani_changsha_broad.tsv,Han,Changsha,Broad,False,6129,6129,13725,49,0.19140625,6129,13725,49,48,0.19140625,0.1875,0.4693026923510195,4.8281072798535885
True,sah,Yakut,Turkic,Eurasia,sah_cyrl_broad.tsv,Cyrillic,,Broad,False,240,240,951,107,0.41796875,240,951,107,68,0.41796875,0.265625,0.9296817172464841,5.883627546899806
True,ybi,Yamphu,Unclassified,,ybi_deva_broad.tsv,Devanagari,,Broad,False,136,136,524,82,0.3203125,136,524,82,48,0.3203125,0.1875,0.9614285714285714,5.767022527288468
True,yid,Yiddish,Unclassified,,yid_hebr_broad.tsv,Hebrew,,Broad,False,5421,5421,27869,161,0.62890625,5421,27869,161,151,0.62890625,0.58984375,0.9753279471809574,6.20434815174373
True,yol,Yola,Unclassified,,yol_latn_broad.tsv,Latin,,Broad,False,2546,2546,8600,137,0.53515625,2546,8600,137,115,0.53515625,0.44921875,0.9883278804491997,5.872200738513384
True,yor,Yoruba,Atlantic-Congo,Africa,yor_latn_broad.tsv,Latin,,Broad,False,4937,4937,4,4,0.015625,4937,4,4,0,0.015625,0.0,0.35893448995458077,2.0
True,yue,Yue Chinese,Sino-Tibetan,Eurasia,yue_hani_standard_broad.tsv,Han,Standard,Broad,False,116020,116020,380469,42,0.1640625,20000,65673,41,41,0.16015625,0.16015625,0.5206592549798739,5.137530331269972
True,zza,Zaza,Unclassified,,zza_latn_narrow.tsv,Latin,,Narrow,False,215,215,995,92,0.359375,215,995,92,67,0.359375,0.26171875,0.9918300653594772,5.487331689490777
True,zha,Zhuang,Unclassified,,zha_latn_broad.tsv,Latin,,Broad,False,1691,1691,4887,57,0.22265625,1691,4887,57,57,0.22265625,0.22265625,0.731897124418715,5.511243319889784
True,zom,Zou,Unclassified,,zom_latn_narrow.tsv,Latin,,Narrow,False,165,165,56,30,0.1171875,165,56,30,5,0.1171875,0.01953125,0.6285266457680251,4.715936788508253
True,zul,Zulu,Atlantic-Congo,Africa,zul_latn_broad.tsv,Latin,,Broad,False,1778,1778,5520,79,0.30859375,1778,5520,79,66,0.30859375,0.2578125,0.7385372593040325,5.527187745797621
